corp_code,corp_name,corp_eng_name,stock_code,시장
0126380,삼성전자,"SAMSUNG ELECTRONICS CO,.LTD",005930,코스피
0164779,SK하이닉스,SK hynix Inc.,000660,코스피
1515323,LG에너지솔루션,"LG ENERGY SOLUTION, LTD.",373220,코스피
0877059,삼성바이오로직스,"SAMSUNG BIOLOGICS CO.,LTD.",207940,코스피
0164742,현대자동차,HYUNDAI MOTOR CO,005380,코스피
0106641,기아,KIA CORPORATION,000270,코스피
0413046,셀트리온,"Celltrion, Inc.",068270,코스피
0126566,한화에어로스페이스,"HANWHA AEROSPACE CO., LTD.",012450,코스피
0688996,KB금융,KB Financial Group Inc.,105560,코스피
0266961,NAVER,NAVER Corporation,035420,코스피
1390344,HD현대중공업,"HD HYUNDAI HEAVY INDUSTRIES CO.,LTD.",329180,코스피
0382199,신한지주,"SHINHAN FINANCIAL GROUP CO.,LTD",055550,코스피
0164788,현대모비스,"HYUNDAI MOBIS CO.,LTD",012330,코스피
0111704,한화오션,"Hanwha Ocean Co., Ltd.",042660,코스피
0860332,메리츠금융지주,MERITZ FINANCIAL GROUP INC.,138040,코스피
0155319,POSCO홀딩스,POSCO Holdings Inc.,005490,코스피
0149655,삼성물산,SAMSUNG C&T CORPORATION,028260,코스피
0760971,크래프톤,"KRAFTON, Inc.",259960,코스피
0258801,카카오,Kakao Corp.,035720,코스피
0164645,HMM,"HMM CO.,LTD",011200,코스피
0139214,삼성화재,"SAMSUNG FIRE & MARINE INSURANCE CO.,LTD",000810,코스피
0356361,LG화학,LG CHEM LTD,051910,코스피
0547583,하나금융지주,Hana Financial Group Inc.,086790,코스피
0126256,삼성생명,"Samsung Life Insurance co., Ltd",032830,코스피
0631518,SK이노베이션,"SK Innovation Co., Ltd.",096770,코스피
0164830,HD한국조선해양,"HD KOREA SHIPBUILDING & OFFSHORE ENGINEERING CO., LTD.",009540,코스피
0159193,한국전력,KOREA ELECTRIC POWER CORPORATION,015760,코스피
0102858,고려아연,KOREA ZINC INC,010130,코스피
0159616,두산에너빌리티,"DOOSAN ENERBILITY CO., LTD.",034020,코스피
0244455,KT&G,KT&G Corporation,033780,코스피
0126478,삼성중공업,"SAMSUNG HEAVY INDUSTRIES CO.,LTD",010140,코스피
0126362,삼성SDI,"SAMSUNG SDI CO.,LTD",006400,코스피
0190321,KT,KT CORPORATION,030200,코스피
0159023,SK텔레콤,"SK TELECOM CO.,LTD",017670,코스피
1350869,우리금융지주,Woori Financial Group Inc.,316140,코스피
1596425,SK스퀘어,"SK Square Co., Ltd.",402340,코스피
0149646,기업은행,INDUSTRIAL BANK OF KOREA,024110,코스피
1205851,HD현대일렉트릭,"HD HYUNDAI ELECTRIC CO.,LTD",267260,코스피
0401731,LG전자,LG ELECTRONICS INC.,066570,코스피
0302926,현대로템,Hyundai-Rotem Co.,064350,코스피
0155276,포스코퓨처엠,"POSCO FUTURE M CO., LTD.",003670,코스피
1133217,카카오뱅크,KakaoBank Corp.,323410,코스피
0120021,LG,LG Corp.,003550,코스피
1204056,하이브,"HYBE Co., Ltd.",352820,코스피
0124504,포스코인터내셔널,POSCO INTERNATIONAL,047050,코스피
0126371,삼성전기,"SAMSUNG ELECTRO-MECHANICS CO.,LTD",009150,코스피
0181712,SK,SK Inc.,034730,코스피
0126186,삼성에스디에스,"SAMSUNG SDS CO., LTD.",018260,코스피
0145109,유한양행,YUHAN CORPORATION,000100,코스피
0360595,현대글로비스,"HYUNDAI GLOVIS Co., LTD.",086280,코스피
0113526,대한항공,"KOREAN AIR LINES CO.,LTD",003490,코스피
0878696,SK바이오팜,"SK biopharmaceuticals Co., Ltd.",326030,코스피
0309503,한국항공우주,"KOREA AEROSPACE INDUSTRIES, LTD.",047810,코스피
1194689,HD현대마린솔루션,"HD Hyundai Marine Solution Co., Ltd",443060,코스피
0126955,삼양식품,Samyang Foods Inc.,003230,코스피
0339391,한화시스템,"HANWHA SYSTEMS Co., Ltd.",272210,코스피
0161383,한미반도체,"HANMI Semiconductor CO., LTD.",042700,코스피
0583424,아모레퍼시픽,AMOREPACIFIC CORP.,090430,코스피
0159102,DB손해보험,"DB INSURANCE CO.,LTD",005830,코스피
0138279,S-Oil,S-Oil Corporation,010950,코스피
0503668,LIG넥스원,"LIG Nex1 Co., Ltd.",079550,코스피
1205709,HD현대,"HD HYUNDAI CO.,LTD.",267250,코스피
0983040,한진칼,HANJINKAL,180640,코스피
0111722,미래에셋증권,"MIRAE ASSET SECURITIES CO.,LTD.",006800,코스피
0435297,맥쿼리인프라,Macquarie Korea Infrastructure Fund,088980,코스피
0170558,코웨이,"COWAY Co., Ltd.",021240,코스피
0105855,LS ELECTRIC,"LS ELECTRIC CO., LTD",010120,코스피
0164609,HD현대미포,"HD HYUNDAI MIPO CO.,LTD.",010620,코스피
0356370,LG생활건강,"LG H&H Co., Ltd.",051900,코스피
0139834,LG씨엔에스,"LG CNS Co., Ltd.",064400,코스피
0937324,한국타이어앤테크놀로지,"HANKOOK TIRE & TECHNOLOGY CO.,LTD",161390,코스피
0117212,두산,"DOOSAN CO.,LTD",000150,코스피
0231363,LG유플러스,LG Uplus Corp,032640,코스피
1238169,오리온,ORION CORP.,271560,코스피
0126292,삼성카드,"SAMSUNG CARD CO.,LTD",029780,코스피
1032486,두산밥캣,Doosan Bobcat Inc.,241560,코스피
0164478,현대건설,"HYUNDAI ENGINEERING & CONSTRUCTION CO.,LTD",000720,코스피
0120182,NH투자증권,"NH INVESTMENT & SECURITIES CO.,LTD. ",005940,코스피
1316245,효성중공업,Hyosung Heavy Industries Corporation,298040,코스피
0105873,LG디스플레이,"LG Display Co., Ltd.",034220,코스피
0155212,포스코DX,POSCO DX COMPANY LTD.,022100,코스피
0104856,삼성증권,"SAMSUNG SECURITIES CO.,LTD",016360,코스피
0432102,한국금융지주,"Korea Investment Holdings Co., Ltd",071050,코스피
1311408,에코프로머티,"ECOPRO MATERIALS CO., LTD.",450080,코스피
0126308,삼성E&A,"SAMSUNG E&A CO.,LTD",028050,코스피
1244601,카카오페이,kakaopay Corp.,377300,코스피
0139889,SKC,SKC LTD,011790,코스피
0635134,CJ제일제당,CJ CHEILJEDANG CORP.,097950,코스피
0148540,CJ,CJ Corp.,001040,코스피
0162461,한화솔루션,HANWHA SOLUTIONS CORPORATION,009830,코스피
0105952,LS,LS Corp.,006260,코스피
0904672,넷마블,Netmarble Corporation,251270,코스피
0500254,GS,GS Holdings,078930,코스피
0989619,알테오젠,Alteogen Inc.,196170,코스닥
1160363,에코프로비엠,"ECOPRO BM CO.,LTD.",247540,코스닥
0199252,HLB,HLB INC.,028300,코스닥
0536541,에코프로,"ECOPRO CO.,LTD",086520,코스닥
1261644,레인보우로보틱스,Rainbow Robotics,277810,코스닥
